index,filename,sha256,bytes,messages,human_messages,assistant_messages,classification,durable_action,supersession_notes
1,01_2026-03-28_Three_campaign_story_narrative_overview.txt,40333d517ac7e5773e941f59818ae03f3f38288aece75ac54354f092c726c810,481373,57,28,29,PARTIAL_PROMOTION,Ducky opening/infrastructure source; Game1 packet rank correction,Later Game1/rank sources control
2,02_2026-03-30_Story_development_sandbox_for_worldbuilding.txt,d090d4478d89104509a53a72a4e946df1e9153249ce1ea7936ca4874658523ed,1172774,142,71,71,MAJOR_PROMOTION,"American Freedom, Glushkin, aircraft provenance",Later Game3/fire-support and current titles control
3,03_2026-03-31_Promotional_teaser_concepts_for_game_campaigns.txt,4675be09a3b4bf7f5ab494c23fdcfd8fffa9c47dae400cd06c0c41f7cb883bb7,106085,32,16,16,MAJOR_PROMOTION,Full Game2 teaser treatments,Persistent Threat replaces campaign-title AEGIS Falls; licensing open
4,04_2026-04-01_Campaign_timeline_world_building.txt,46de279c09b345c7b68e92a0f8329fbf0a99f2d0034b13a57f90b232ccd0102c,92381,6,3,3,ABSORBED_SUPERSEDED,No direct source landing,Current timeline/date/title sources control
5,05_2026-04-02_Third_game_campaign_story_development.txt,b3b3f43a6b9115a0e8b1aaddfc899d72b3fc17f2a186c2acdaa3c3c57bd9a4f2,308567,62,31,31,ABSORBED_SUPERSEDED,No direct source landing,Current NO KINGS/FAILSAFE/DARK SKIES sources control
6,06_2026-04-03_Project_Warriors_meta_and_small_discussion_thread.txt,6cda6025ec64ba2a6d17642d9bbf197bdb1c133db64a6088e91ec84a332f1d6a,1078299,202,101,101,PARTIAL_PROMOTION,Aircraft provenance addendum,Later aircraft and mission sources control
7,07_2026-04-03_Storing_and_developing_character_backstories.txt,7a1473ce3188f8b2c153206e176b5c16a63b3207ad0655432af3a418433d8d0a,313776,82,42,40,ABSORBED_SUPERSEDED,No direct source landing,Current character and DLC sources control
8,08_2026-04-03_ARCHIVED_Project_warriors_gameplay_mechanics_discussion.txt,4d53a5caccc805c66a0723b169382082872c26677889e363adb8256fdf77ee87,350230,72,36,36,ABSORBED_BY_PR30,No new source landing,PR30 weapon/gameplay recovery pages control
9,09_2026-04-03_Music_and_sound_design_for_Project_Warrior.txt,6968cf850d1fcce878f4a22eebef0e4409c246fe4c6e6fab7df6d9f2b46be3f4,789315,106,53,53,PARTIAL_PROMOTION,Full teaser treatments,PR30 compact audio standard remains shared authority
10,10_2026-04-05_Technical_deep_dive_into_Pandora.txt,9ecb1072893ddfaa628879d8199bceed784fa0ac1b50bb111bef2050dc231889,660699,98,49,49,MAJOR_PROMOTION,Full PANDORA/TETHERBREAK architecture,September 7/September 4 corrections applied
11,11_2026-04-06_EXPORTED_Advanced_gameplay_mechanics_for_Project_Warriors.txt,f2f0f0751d20867082371cd03846e5a0d837a622a556a22fe5b48f1a7c6ca594,103624,6,3,3,ABSORBED_BY_PR30,No new source landing,PR30 advanced mechanics recovery evidence controls
12,12_2026-04-06_Finding_closed_air_support_documentation.txt,b0786e2fe18f5446048ed8d61d5e0c07c45082ba16b63689caf63412c34dad4d,50973,4,2,2,AUDITED_NO_DIRECT_LANDING,No direct source landing,CAS implementation remains open; current mission sources control
13,13_2026-04-06_Campaign_timeline_for_games_one_and_two.txt,58dc37b61f8ce4e60191925ce464a9b46e8e93bf818ca39322c7e1f0fd67caff,166050,7,3,4,ABSORBED_SUPERSEDED,No direct source landing,Current ontology/timeline and campaign packets control
14,14_2026-04-06_Pandora_attack_narrative_scene_development.txt,f32117258fc0df4729c081923be56681ac501f19d9cc5064b063b8c70cb3f521,25420,2,1,1,AUDITED_OPEN_EVIDENCE,No direct source landing,Incomplete narrative scene development; technical source controls
15,15_2026-04-07_EXPORTED_DLC_concept_for_cartel_focused_story.txt,5786b094ce857158b70470f9ac4bc6c4a873185179778ec6e4b75a59af5b2d7f,29727,2,1,1,ABSORBED_SUPERSEDED,No direct source landing,Project Warriors: Wasp and later DLC sources control
16,16_2026-07-06_Warriors_trilogy_narrative_review_and_gap_analysis.txt,566155ff42ce177ec61362f9ae818c07b5a8a821603a152d6e6f4c465fb3c23a,667770,22,11,11,ABSORBED_BY_LATER_SOURCE,No direct source landing,PR16 and later July sources control
17,17_2026-07-06_Resolving_five_open_development_flags.txt,7cc293c55fd441dde60220a391c786da079cf3d6f37969c8ceba803a2fd7bd71,164256,14,7,7,ABSORBED_BY_LATER_SOURCE,No direct source landing,Current rank/title and canon-decision pages control
18,18_2026-07-06_Nightfall_campaign_Cheyenne_endgame_mission.txt,5a8c0508212d0c12f4a1ce4b194885080cbba58fa26b84be549c71a698b70e30,336657,28,14,14,ABSORBED_BY_LATER_SOURCE,No direct source landing,Nightfall Cheyenne rev4 and later sources control
19,19_2026-07-08_Developing_the_Man_From_Medan_mission_outline_for_Riptide_Red.txt,b590d97a3aac7d40d9648236c3c24c27c1b1e3c9e35a8e19491348203efc0e99,550360,23,12,11,MAJOR_PROMOTION,Riptide Red mission-burst source,Later Infrastructure Day/STAPLER/UI/CFIM sources control
20,20_2026-07-13_Gray_Ghost_rifle_Nightfall_variant_specifications.txt,3273faa66a71d7b9df11104344f5b90ed42d950229cc0c66e79bc924a90a7e51,175503,22,11,11,ABSORBED_BY_LATER_SOURCE,No direct source landing,GRAY GHOST Nightfall rev3 FINAL controls
21,21_2026-07-13_Project_warriors_Nightfall_installment.txt,0aabcd2950763660fed1994784b8444801f4896ed7858de61a47ecc00cdd7475,253871,10,5,5,ABSORBED_BY_LATER_SOURCE,No direct source landing,Nightfall installment sources control
22,22_2026-07-13_Ducky_and_Lupin_s_Nightfall_campaign_arc.txt,7074b6e5094a6ec3d409921d36c39754e65864eade82c09181556a1a7ecebb68,491254,35,17,18,ABSORBED_BY_LATER_SOURCE,No direct source landing,Nightfall Ducky/Lupin source pages control
23,23_2026-07-15_Hamburg_by_night_beat_sheet.txt,6df19df787e5caf3d6692ff37a1acb8ffaac9e4ca83587f3c7e47818f7350bf7,27998,4,2,2,ABSORBED_BY_LATER_SOURCE,No direct source landing,Hamburg/Nightfall sources control
24,24_2026-07-16_First_person_reload_animation_reference_for_Project_Warriors.txt,b060ec696a22297c19f47eda3d9920129c4e493f2a10d46b6a9653b6ac6b2cf2,95646,10,5,5,MAJOR_PROMOTION,First-person animation reference standard,Current weapon and UI sources control exact config/UI
25,25_2026-07-17_Suppressor_attachment_reference_footage.txt,ec1993080ae1bafbc79cca6a8df42471e18e9475f33b8ebea016eb02f4cc6578,73974,8,4,4,MAJOR_PROMOTION,First-person animation reference standard,Music licensing and UI separation preserved
26,26_2026-07-17_Continuing_UI_design_discussion.txt,2bc7ce3c88c15b31bb9c5af5ea304b2cc75be78901320ff9a3f30620316a1359,284302,30,15,15,ABSORBED_BY_LATER_SOURCE,No direct source landing,PW_UI_Prompt_System_Design_rev1 controls
27,27_2026-07-18_Hasta_la_vista_shotgun_build_design.txt,7ed6d76f632a08fd1685459e7427e289c57483910763a69070f48e285e4da0ff,240301,24,12,12,ABSORBED_BY_LATER_SOURCE,No direct source landing,HASTA LA VISTA and Troy Barry sources control
28,28_2026-07-19_Naming_Ducky_s_CZ_P_09_Huckleberry.txt,5fd453e7701b21563760d9177dd4d28166c3fcf5df12671fec9cf314bc2744a7,179371,14,7,7,ABSORBED_BY_LATER_SOURCE,No direct source landing,HUCKLEBERRY and registry sources control
29,29_2026-07-20_Ontological_YAML_structure_for_LLM_project_consistency.txt,753ef84d47edef6e3945eb75bad108ac40d3be5f1cd3138410d74ff8baad9fbd,177260,18,9,9,ABSORBED_BY_LATER_SOURCE,No direct source landing,Current ontology schema/deltas control
30,30_2026-07-20_Weapon_ontology_YAML_review.txt,fe0fca0a24614bf52999966699db06e1b55e7ef61b43d5c0dbbaab2757cfa00c,242072,8,4,4,ABSORBED_BY_LATER_SOURCE,No direct source landing,Current registry/ontology projections control
